id;name;director;synopsis;comment;start_date;image;image_content_type
1;Account Infrastructure;calculating deposit extranet;Austria;flexibility;2021-06-09T09:58:33;../fake-data/blob/hipster.png;image/png
2;Designer Dirham;Factors;Borders programming;Loti;2021-06-09T17:24:11;../fake-data/blob/hipster.png;image/png
3;GB Fish Soap;invoice Optional;Savings;Outdoors communities Bacon;2021-06-09T08:18:37;../fake-data/blob/hipster.png;image/png
4;Frozen Dynamic Personal;GB help-desk payment;sticky grid-enabled Representative;Brooks Dynamic card;2021-06-09T21:13:58;../fake-data/blob/hipster.png;image/png
5;programming didactic;Cotton;Knoll;Ergonomic Shoes revolutionary;2021-06-09T09:29:04;../fake-data/blob/hipster.png;image/png
6;Corner AGP Granite;Supervisor Bedfordshire;toolset;embrace;2021-06-10T00:25:43;../fake-data/blob/hipster.png;image/png
7;generation;interactive infomediaries Accounts;migration hack Plastic;solid connecting;2021-06-09T03:33:56;../fake-data/blob/hipster.png;image/png
8;Chips;Licensed database XML;eyeballs Incredible;invoice Strategist;2021-06-09T03:44:17;../fake-data/blob/hipster.png;image/png
9;Azerbaijanian Multi-tiered RSS;Lithuania enhance PCI;facilitate;exploit;2021-06-09T21:54:16;../fake-data/blob/hipster.png;image/png
10;orange blockchains Steel;application Trail Corners;Tasty Cambridgeshire International;back-end New;2021-06-09T23:23:48;../fake-data/blob/hipster.png;image/png
