id;content;pub_date;publisher
1;override;2021-06-09T09:54:23;recontextualize lavender Multi-channelled
2;orchestration Refined;2021-06-09T20:42:13;Principal
3;Ohio feed Garden;2021-06-09T15:30:36;Table Lats
4;Gloves;2021-06-09T12:33:01;Intranet Down-sized Automotive
5;Music;2021-06-09T03:17:46;Money CFP Gorgeous
6;driver Chips Nebraska;2021-06-09T13:21:42;Soft TCP Rustic
7;Lead;2021-06-09T06:31:21;strategy
8;Metal;2021-06-09T02:13:14;cross-platform
9;copying;2021-06-09T12:09:41;Maine Mountain payment
10;Rustic;2021-06-09T08:30:26;Small Data Rubber
